"lon","lat","elevation","time"
-122.064636,36.95144,"15.8","2011-12-08T19:37:56Z"
-122.064577,36.951915,"15.5","2011-12-08T19:37:59Z"
-122.064542,36.952013,"15.4","2011-12-08T19:38:04Z"
-122.064467,36.95218,"15.5","2011-12-08T19:38:07Z"
-122.064338,36.952238,"15.7","2011-12-08T19:38:10Z"
-122.064207,36.952326,"15.8","2011-12-08T19:38:13Z"
-122.064184,36.952493,"15.8","2011-12-08T19:38:16Z"
-122.064115,36.95263,"16.0","2011-12-08T19:38:19Z"
-122.064102,36.952797,"16.1","2011-12-08T19:38:22Z"
-122.06411,36.952969,"16.2","2011-12-08T19:38:25Z"
-122.064075,36.953133,"16.2","2011-12-08T19:38:28Z"
-122.064102,36.953318,"16.1","2011-12-08T19:38:32Z"
-122.064086,36.953541,"16.0","2011-12-08T19:38:36Z"
-122.064087,36.953774,"15.9","2011-12-08T19:38:40Z"
-122.064125,36.954007,"16.0","2011-12-08T19:38:43Z"
-122.064217,36.954109,"16.0","2011-12-08T19:38:46Z"
-122.064106,36.954194,"16.1","2011-12-08T19:38:49Z"
-122.064109,36.954287,"16.1","2011-12-08T19:38:52Z"
-122.064123,36.954482,"16.3","2011-12-08T19:38:55Z"
-122.064092,36.954646,"16.4","2011-12-08T19:38:58Z"
-122.06404,36.954796,"16.6","2011-12-08T19:39:01Z"
-122.063967,36.954944,"16.6","2011-12-08T19:39:04Z"
-122.063818,36.955012,"16.7","2011-12-08T19:39:07Z"
-122.063544,36.954925,"16.6","2011-12-08T19:39:10Z"
-122.063297,36.954884,"16.4","2011-12-08T19:39:13Z"
-122.063063,36.954857,"16.3","2011-12-08T19:39:16Z"
-122.062913,36.954852,"16.2","2011-12-08T19:39:19Z"
-122.0628,36.954865,"16.2","2011-12-08T19:39:22Z"
-122.06266,36.954851,"16.0","2011-12-08T19:39:25Z"
-122.06251,36.954877,"15.8","2011-12-08T19:39:28Z"
-122.062508,36.954994,"15.8","2011-12-08T19:39:31Z"
-122.062496,36.9552,"15.9","2011-12-08T19:39:34Z"
-122.062499,36.955358,"16.1","2011-12-08T19:39:37Z"
-122.062468,36.955513,"16.5","2011-12-08T19:39:40Z"
-122.062462,36.955671,"16.8","2011-12-08T19:39:44Z"
-122.062462,36.955891,"17.3","2011-12-08T19:39:47Z"
-122.06243,36.956067,"17.7","2011-12-08T19:39:50Z"
-122.062487,36.956243,"18.0","2011-12-08T19:39:53Z"
-122.0625,36.956428,"18.4","2011-12-08T19:39:56Z"
-122.062513,36.956616,"18.8","2011-12-08T19:39:59Z"
-122.062516,36.956811,"19.2","2011-12-08T19:40:02Z"
-122.062505,36.957001,"19.6","2011-12-08T19:40:05Z"
-122.062521,36.957124,"19.8","2011-12-08T19:40:08Z"
-122.062509,36.957367,"20.4","2011-12-08T19:40:11Z"
-122.062498,36.957543,"20.7","2011-12-08T19:40:14Z"
-122.062497,36.957662,"20.8","2011-12-08T19:40:17Z"
-122.062524,36.957876,"21.2","2011-12-08T19:40:20Z"
-122.06258,36.958007,"21.4","2011-12-08T19:40:23Z"
-122.062605,36.95816,"21.8","2011-12-08T19:40:26Z"
-122.062483,36.95831,"21.8","2011-12-08T19:40:29Z"
-122.062382,36.958464,"22.1","2011-12-08T19:40:32Z"
-122.062275,36.958628,"22.2","2011-12-08T19:40:35Z"
-122.062198,36.958803,"22.5","2011-12-08T19:40:38Z"
-122.062114,36.958973,"22.3","2011-12-08T19:40:41Z"
-122.06204,36.95916,"21.8","2011-12-08T19:40:44Z"
-122.061996,36.959355,"19.1","2011-12-08T19:40:47Z"
-122.061962,36.959557,"19.2","2011-12-08T19:40:50Z"
-122.061972,36.959742,"20.6","2011-12-08T19:40:53Z"
-122.061981,36.959922,"22.0","2011-12-08T19:40:56Z"
-122.062007,36.960079,"22.5","2011-12-08T19:40:59Z"
-122.062015,36.960234,"23.2","2011-12-08T19:41:03Z"
-122.062052,36.960421,"24.3","2011-12-08T19:41:06Z"
-122.062067,36.960583,"24.8","2011-12-08T19:41:09Z"
-122.062094,36.960752,"26.1","2011-12-08T19:41:13Z"
-122.062139,36.960889,"27.7","2011-12-08T19:41:16Z"
-122.062353,36.960992,"30.4","2011-12-08T19:41:19Z"
-122.062487,36.961097,"31.3","2011-12-08T19:41:23Z"
-122.062672,36.961228,"32.8","2011-12-08T19:41:26Z"
-122.062851,36.961261,"32.8","2011-12-08T19:41:29Z"
-122.063035,36.961278,"33.1","2011-12-08T19:41:32Z"
-122.063223,36.961279,"33.9","2011-12-08T19:41:35Z"
-122.06341,36.961269,"34.8","2011-12-08T19:41:38Z"
-122.063617,36.961264,"35.5","2011-12-08T19:41:41Z"
-122.063832,36.96127,"35.7","2011-12-08T19:41:44Z"
-122.064053,36.961287,"35.3","2011-12-08T19:41:47Z"
-122.064271,36.961312,"34.8","2011-12-08T19:41:50Z"
-122.064492,36.961331,"34.3","2011-12-08T19:41:53Z"
-122.064712,36.961365,"34.2","2011-12-08T19:41:56Z"
-122.064964,36.961386,"34.3","2011-12-08T19:41:59Z"
-122.065211,36.961409,"35.2","2011-12-08T19:42:02Z"
-122.065377,36.961425,"35.3","2011-12-08T19:42:05Z"
-122.065708,36.961444,"35.4","2011-12-08T19:42:08Z"
-122.065869,36.961454,"35.4","2011-12-08T19:42:11Z"
-122.066204,36.961478,"35.2","2011-12-08T19:42:15Z"
-122.066511,36.961509,"36.1","2011-12-08T19:42:18Z"
-122.066762,36.961529,"36.0","2011-12-08T19:42:21Z"
-122.066995,36.961543,"36.0","2011-12-08T19:42:24Z"
-122.067235,36.961575,"37.1","2011-12-08T19:42:27Z"
-122.067479,36.961595,"36.0","2011-12-08T19:42:30Z"
-122.067699,36.961622,"32.8","2011-12-08T19:42:33Z"
-122.067882,36.961632,"30.4","2011-12-08T19:42:36Z"
-122.068038,36.961686,"28.9","2011-12-08T19:42:39Z"
-122.068244,36.961733,"25.5","2011-12-08T19:42:42Z"
-122.068492,36.961759,"25.3","2011-12-08T19:42:45Z"
-122.068766,36.961761,"30.4","2011-12-08T19:42:48Z"
-122.06906,36.961766,"31.6","2011-12-08T19:42:51Z"
-122.069337,36.961766,"31.5","2011-12-08T19:42:54Z"
-122.069433,36.961788,"31.3","2011-12-08T19:42:57Z"
-122.06972,36.961842,"30.7","2011-12-08T19:43:00Z"
-122.069858,36.961776,"30.4","2011-12-08T19:43:03Z"
-122.070073,36.961788,"30.2","2011-12-08T19:43:06Z"
-122.07029,36.961793,"30.5","2011-12-08T19:43:09Z"
-122.07052,36.961783,"30.3","2011-12-08T19:43:12Z"
-122.070791,36.961776,"29.0","2011-12-08T19:43:15Z"
-122.071071,36.961762,"27.8","2011-12-08T19:43:18Z"
-122.071355,36.961761,"28.1","2011-12-08T19:43:21Z"
-122.071489,36.961771,"29.2","2011-12-08T19:43:24Z"
-122.071748,36.96183,"30.1","2011-12-08T19:43:27Z"
-122.071927,36.961878,"31.0","2011-12-08T19:43:31Z"
-122.072185,36.961917,"30.9","2011-12-08T19:43:34Z"
-122.072398,36.96196,"31.1","2011-12-08T19:43:37Z"
-122.072623,36.96199,"30.8","2011-12-08T19:43:40Z"
-122.072852,36.962007,"30.5","2011-12-08T19:43:43Z"
-122.073097,36.962007,"30.3","2011-12-08T19:43:47Z"
-122.073423,36.962025,"29.7","2011-12-08T19:43:50Z"
-122.073677,36.961989,"29.8","2011-12-08T19:43:53Z"
-122.073963,36.961949,"29.4","2011-12-08T19:43:56Z"
-122.074141,36.961936,"28.2","2011-12-08T19:43:59Z"
-122.074509,36.961931,"28.2","2011-12-08T19:44:03Z"
-122.074859,36.961938,"28.5","2011-12-08T19:44:06Z"
-122.075119,36.961939,"28.8","2011-12-08T19:44:09Z"
-122.075384,36.961952,"29.2","2011-12-08T19:44:12Z"
-122.075649,36.961958,"29.2","2011-12-08T19:44:15Z"
-122.075921,36.961947,"29.2","2011-12-08T19:44:18Z"
-122.0761,36.961946,"29.1","2011-12-08T19:44:21Z"
-122.076447,36.961964,"29.0","2011-12-08T19:44:24Z"
-122.076705,36.961961,"29.0","2011-12-08T19:44:27Z"
-122.076953,36.961965,"28.9","2011-12-08T19:44:30Z"
-122.077202,36.961971,"28.8","2011-12-08T19:44:33Z"
-122.07745,36.96198,"28.5","2011-12-08T19:44:36Z"
-122.077699,36.961999,"28.0","2011-12-08T19:44:39Z"
-122.077955,36.962009,"27.4","2011-12-08T19:44:42Z"
-122.078244,36.962013,"25.3","2011-12-08T19:44:45Z"
-122.078415,36.962027,"25.5","2011-12-08T19:44:48Z"
-122.07868,36.962043,"25.2","2011-12-08T19:44:51Z"
-122.079041,36.962054,"26.4","2011-12-08T19:44:54Z"
-122.079294,36.962026,"26.8","2011-12-08T19:44:57Z"
-122.079545,36.961989,"27.8","2011-12-08T19:45:00Z"
-122.079774,36.961981,"28.4","2011-12-08T19:45:03Z"
-122.080003,36.96198,"29.1","2011-12-08T19:45:06Z"
-122.080224,36.961988,"29.6","2011-12-08T19:45:09Z"
-122.080444,36.961998,"29.9","2011-12-08T19:45:12Z"
-122.080677,36.962005,"29.8","2011-12-08T19:45:15Z"
-122.080929,36.961999,"29.2","2011-12-08T19:45:18Z"
-122.081189,36.961986,"28.6","2011-12-08T19:45:21Z"
-122.081504,36.96194,"26.0","2011-12-08T19:45:24Z"
-122.081908,36.961986,"24.7","2011-12-08T19:45:27Z"
-122.082332,36.961933,"13.0","2011-12-08T19:45:31Z"
-122.082936,36.961955,"11.9","2011-12-08T19:45:34Z"
-122.083284,36.962005,"13.1","2011-12-08T19:45:37Z"
-122.08361,36.962037,"14.2","2011-12-08T19:45:40Z"
-122.083892,36.96204,"12.7","2011-12-08T19:45:43Z"
-122.084155,36.962034,"10.6","2011-12-08T19:45:46Z"
-122.084355,36.96199,"13.0","2011-12-08T19:45:49Z"
-122.084439,36.9621,"11.9","2011-12-08T19:45:52Z"
-122.084527,36.962224,"12.2","2011-12-08T19:45:55Z"
-122.084633,36.962411,"14.0","2011-12-08T19:45:58Z"
-122.084674,36.962577,"12.9","2011-12-08T19:46:01Z"
-122.084658,36.962727,"12.5","2011-12-08T19:46:04Z"
-122.084691,36.962923,"14.5","2011-12-08T19:46:07Z"
-122.084718,36.963111,"16.7","2011-12-08T19:46:10Z"
-122.084722,36.963298,"18.5","2011-12-08T19:46:13Z"
-122.084727,36.96343,"18.7","2011-12-08T19:46:16Z"
-122.084718,36.963666,"17.7","2011-12-08T19:46:19Z"
-122.084675,36.963829,"17.6","2011-12-08T19:46:22Z"
-122.084606,36.964002,"17.4","2011-12-08T19:46:25Z"
-122.084496,36.964187,"17.3","2011-12-08T19:46:28Z"
-122.084379,36.964402,"17.5","2011-12-08T19:46:32Z"
-122.084299,36.964606,"17.5","2011-12-08T19:46:35Z"
-122.084267,36.96487,"17.9","2011-12-08T19:46:38Z"
-122.084236,36.965026,"17.3","2011-12-08T19:46:41Z"
-122.08428,36.96513,"17.9","2011-12-08T19:46:44Z"
-122.084345,36.965125,"17.9","2011-12-08T19:46:47Z"
-122.084406,36.965035,"18.5","2011-12-08T19:46:50Z"
-122.084494,36.964852,"21.7","2011-12-08T19:46:53Z"
-122.084527,36.964755,"20.8","2011-12-08T19:46:56Z"
-122.084578,36.964671,"22.2","2011-12-08T19:46:59Z"
-122.084656,36.964595,"23.8","2011-12-08T19:47:02Z"
-122.084731,36.964502,"23.5","2011-12-08T19:47:05Z"
-122.084808,36.964415,"20.3","2011-12-08T19:47:08Z"
-122.08491,36.964339,"26.6","2011-12-08T19:47:11Z"
-122.084998,36.96425,"25.2","2011-12-08T19:47:14Z"
-122.085065,36.964149,"28.1","2011-12-08T19:47:17Z"
-122.085132,36.964049,"31.1","2011-12-08T19:47:20Z"
-122.085205,36.963955,"33.6","2011-12-08T19:47:23Z"
-122.085299,36.963866,"35.8","2011-12-08T19:47:26Z"
-122.085397,36.963791,"37.6","2011-12-08T19:47:29Z"
-122.085495,36.963722,"40.3","2011-12-08T19:47:32Z"
-122.085603,36.963658,"40.2","2011-12-08T19:47:35Z"
-122.085713,36.963608,"39.6","2011-12-08T19:47:38Z"
-122.08584,36.963567,"41.1","2011-12-08T19:47:41Z"
-122.085982,36.963538,"41.4","2011-12-08T19:47:44Z"
-122.086139,36.963524,"41.6","2011-12-08T19:47:48Z"
-122.086352,36.963544,"40.8","2011-12-08T19:47:52Z"
-122.086486,36.963602,"39.7","2011-12-08T19:47:55Z"
-122.086624,36.963713,"42.8","2011-12-08T19:47:59Z"
-122.08674,36.963821,"43.9","2011-12-08T19:48:02Z"
-122.086791,36.963869,"43.5","2011-12-08T19:48:05Z"
-122.08689,36.963966,"44.9","2011-12-08T19:48:08Z"
-122.086939,36.964012,"46.6","2011-12-08T19:48:11Z"
-122.08703,36.964099,"48.1","2011-12-08T19:48:14Z"
-122.087098,36.964166,"47.9","2011-12-08T19:48:17Z"
-122.087165,36.964238,"49.0","2011-12-08T19:48:20Z"
-122.08723,36.964315,"49.7","2011-12-08T19:48:23Z"
-122.087286,36.964396,"51.2","2011-12-08T19:48:26Z"
-122.087327,36.964483,"52.4","2011-12-08T19:48:29Z"
-122.087351,36.964575,"54.0","2011-12-08T19:48:32Z"
-122.087371,36.964676,"55.8","2011-12-08T19:48:35Z"
-122.087375,36.96478,"58.1","2011-12-08T19:48:38Z"
-122.087364,36.964883,"60.7","2011-12-08T19:48:41Z"
-122.087351,36.964985,"62.1","2011-12-08T19:48:44Z"
-122.087345,36.965082,"62.5","2011-12-08T19:48:47Z"
-122.087345,36.96517,"62.6","2011-12-08T19:48:50Z"
-122.087343,36.965259,"62.9","2011-12-08T19:48:53Z"
-122.087342,36.965358,"63.7","2011-12-08T19:48:56Z"
-122.087344,36.96547,"64.4","2011-12-08T19:48:59Z"
-122.087346,36.965609,"64.7","2011-12-08T19:49:02Z"
-122.087358,36.96575,"65.6","2011-12-08T19:49:05Z"
-122.087376,36.965907,"66.3","2011-12-08T19:49:08Z"
-122.08738,36.966055,"66.8","2011-12-08T19:49:11Z"
-122.087341,36.966199,"66.8","2011-12-08T19:49:14Z"
-122.087296,36.96635,"68.3","2011-12-08T19:49:17Z"
-122.087233,36.966489,"69.6","2011-12-08T19:49:20Z"
-122.087183,36.966641,"69.1","2011-12-08T19:49:23Z"
-122.087126,36.9668,"67.9","2011-12-08T19:49:26Z"
-122.087067,36.966963,"68.4","2011-12-08T19:49:29Z"
-122.08702,36.967133,"69.6","2011-12-08T19:49:32Z"
-122.086979,36.967298,"70.4","2011-12-08T19:49:35Z"
-122.086934,36.967455,"71.0","2011-12-08T19:49:38Z"
-122.086874,36.967623,"71.5","2011-12-08T19:49:41Z"
-122.086797,36.967803,"71.9","2011-12-08T19:49:44Z"
-122.086759,36.967993,"71.8","2011-12-08T19:49:47Z"
-122.086723,36.968182,"71.1","2011-12-08T19:49:50Z"
-122.086694,36.968367,"70.7","2011-12-08T19:49:53Z"
-122.086661,36.968545,"69.9","2011-12-08T19:49:56Z"
-122.086594,36.968743,"69.2","2011-12-08T19:49:59Z"
-122.086536,36.968942,"68.9","2011-12-08T19:50:02Z"
-122.086465,36.969146,"70.2","2011-12-08T19:50:05Z"
-122.086373,36.969327,"69.4","2011-12-08T19:50:08Z"
-122.086257,36.969506,"69.7","2011-12-08T19:50:11Z"
-122.086158,36.96969,"70.6","2011-12-08T19:50:14Z"
-122.086114,36.969902,"70.7","2011-12-08T19:50:17Z"
-122.086187,36.970111,"69.6","2011-12-08T19:50:20Z"
-122.086256,36.970315,"68.1","2011-12-08T19:50:23Z"
-122.086362,36.970512,"64.3","2011-12-08T19:50:26Z"
-122.086599,36.970707,"66.5","2011-12-08T19:50:29Z"
-122.086776,36.970917,"67.6","2011-12-08T19:50:32Z"
-122.086944,36.97108,"69.2","2011-12-08T19:50:35Z"
-122.087072,36.971194,"72.4","2011-12-08T19:50:38Z"
-122.087197,36.971302,"73.7","2011-12-08T19:50:41Z"
-122.087234,36.971476,"74.3","2011-12-08T19:50:44Z"
-122.087375,36.971602,"74.4","2011-12-08T19:50:47Z"
-122.087355,36.97176,"73.8","2011-12-08T19:50:50Z"
-122.08749,36.971915,"72.8","2011-12-08T19:50:53Z"
-122.087715,36.972012,"68.9","2011-12-08T19:50:56Z"
-122.087961,36.972091,"67.6","2011-12-08T19:50:59Z"
-122.088198,36.972277,"68.8","2011-12-08T19:51:02Z"
-122.088467,36.972344,"69.4","2011-12-08T19:51:05Z"
-122.088698,36.972376,"69.2","2011-12-08T19:51:08Z"
-122.088884,36.972476,"69.5","2011-12-08T19:51:11Z"
-122.088741,36.972671,"70.1","2011-12-08T19:51:14Z"
-122.088697,36.972833,"71.4","2011-12-08T19:51:17Z"
-122.088631,36.972993,"70.4","2011-12-08T19:51:20Z"
-122.088547,36.973167,"69.7","2011-12-08T19:51:23Z"
-122.088444,36.973336,"69.1","2011-12-08T19:51:26Z"
-122.088332,36.973574,"70.2","2011-12-08T19:51:29Z"
-122.088231,36.97383,"70.3","2011-12-08T19:51:32Z"
-122.088107,36.973982,"72.2","2011-12-08T19:51:35Z"
-122.088002,36.974113,"72.9","2011-12-08T19:51:38Z"
-122.087998,36.97421,"73.3","2011-12-08T19:51:41Z"
-122.088185,36.974089,"72.2","2011-12-08T19:51:44Z"
-122.088363,36.974025,"71.8","2011-12-08T19:51:47Z"
-122.088535,36.973952,"70.7","2011-12-08T19:51:50Z"
-122.088606,36.973826,"69.8","2011-12-08T19:51:53Z"
-122.08871,36.973708,"69.3","2011-12-08T19:51:56Z"
-122.088968,36.973631,"69.0","2011-12-08T19:51:59Z"
-122.089171,36.973566,"68.9","2011-12-08T19:52:02Z"
-122.089306,36.973678,"69.4","2011-12-08T19:52:05Z"
-122.089362,36.973782,"69.8","2011-12-08T19:52:08Z"
-122.089441,36.973912,"71.3","2011-12-08T19:52:11Z"
-122.089646,36.973972,"70.3","2011-12-08T19:52:14Z"
-122.089789,36.974027,"71.1","2011-12-08T19:52:17Z"
-122.089892,36.974097,"72.2","2011-12-08T19:52:20Z"
-122.089982,36.974186,"72.8","2011-12-08T19:52:23Z"
-122.090053,36.974278,"73.7","2011-12-08T19:52:26Z"
-122.090141,36.974349,"73.6","2011-12-08T19:52:29Z"
-122.09025,36.974387,"74.2","2011-12-08T19:52:32Z"
-122.090317,36.974317,"73.5","2011-12-08T19:52:35Z"
-122.090227,36.974209,"72.8","2011-12-08T19:52:38Z"
-122.09015,36.973984,"71.1","2011-12-08T19:52:41Z"
-122.090044,36.973802,"68.4","2011-12-08T19:52:44Z"
-122.089815,36.973673,"67.4","2011-12-08T19:52:47Z"
-122.089707,36.973478,"65.5","2011-12-08T19:52:50Z"
-122.089678,36.973322,"63.7","2011-12-08T19:52:53Z"
-122.089654,36.973094,"64.1","2011-12-08T19:52:56Z"
-122.08971,36.972863,"63.2","2011-12-08T19:52:59Z"
-122.089789,36.972666,"64.6","2011-12-08T19:53:02Z"
-122.089892,36.972647,"67.5","2011-12-08T19:53:05Z"
-122.089992,36.972674,"68.5","2011-12-08T19:53:08Z"
-122.090185,36.972712,"69.6","2011-12-08T19:53:11Z"
-122.090284,36.972612,"65.6","2011-12-08T19:53:14Z"
-122.090317,36.972486,"56.7","2011-12-08T19:53:17Z"
-122.090316,36.972343,"53.5","2011-12-08T19:53:20Z"
-122.090334,36.972258,"51.6","2011-12-08T19:53:23Z"
-122.090396,36.972244,"56.0","2011-12-08T19:53:26Z"
-122.09049,36.972202,"60.8","2011-12-08T19:53:29Z"
-122.090582,36.972271,"66.5","2011-12-08T19:53:32Z"
-122.090662,36.972393,"69.6","2011-12-08T19:53:35Z"
-122.090796,36.972501,"70.3","2011-12-08T19:53:38Z"
-122.090967,36.972598,"69.4","2011-12-08T19:53:41Z"
-122.091287,36.972715,"69.2","2011-12-08T19:53:44Z"
-122.091469,36.972823,"69.3","2011-12-08T19:53:47Z"
-122.091583,36.972964,"70.2","2011-12-08T19:53:50Z"
-122.091693,36.973076,"70.3","2011-12-08T19:53:53Z"
-122.091834,36.973195,"70.5","2011-12-08T19:53:56Z"
-122.091949,36.973315,"69.3","2011-12-08T19:53:59Z"
-122.091998,36.973456,"70.7","2011-12-08T19:54:02Z"
-122.092081,36.973574,"70.9","2011-12-08T19:54:05Z"
-122.092224,36.973654,"70.8","2011-12-08T19:54:08Z"
-122.092432,36.973749,"71.3","2011-12-08T19:54:11Z"
-122.092585,36.973847,"72.2","2011-12-08T19:54:14Z"
-122.092647,36.973933,"73.0","2011-12-08T19:54:17Z"
-122.092723,36.974013,"73.8","2011-12-08T19:54:20Z"
-122.09275,36.974055,"73.8","2011-12-08T19:54:23Z"
-122.092801,36.974098,"74.9","2011-12-08T19:54:26Z"
-122.092854,36.974144,"74.9","2011-12-08T19:54:29Z"
-122.092908,36.974198,"76.1","2011-12-08T19:54:32Z"
-122.092965,36.974258,"75.4","2011-12-08T19:54:35Z"
-122.093038,36.97432,"77.4","2011-12-08T19:54:38Z"
-122.093111,36.974392,"79.0","2011-12-08T19:54:41Z"
-122.093194,36.974459,"80.1","2011-12-08T19:54:44Z"
-122.093281,36.974523,"79.2","2011-12-08T19:54:47Z"
-122.093367,36.97458,"80.0","2011-12-08T19:54:50Z"
-122.093447,36.974629,"78.9","2011-12-08T19:54:53Z"
-122.093521,36.97469,"80.0","2011-12-08T19:54:56Z"
-122.093592,36.974752,"81.7","2011-12-08T19:54:59Z"
-122.09365,36.974832,"83.1","2011-12-08T19:55:02Z"
-122.093676,36.974903,"83.1","2011-12-08T19:55:05Z"
-122.093687,36.974981,"85.5","2011-12-08T19:55:08Z"
-122.093702,36.975067,"87.2","2011-12-08T19:55:11Z"
-122.09375,36.975151,"88.1","2011-12-08T19:55:14Z"
-122.093818,36.975251,"88.9","2011-12-08T19:55:17Z"
-122.093854,36.975339,"91.4","2011-12-08T19:55:20Z"
-122.093906,36.975409,"92.7","2011-12-08T19:55:23Z"
-122.094008,36.975424,"91.2","2011-12-08T19:55:26Z"
-122.0941,36.975378,"89.1","2011-12-08T19:55:29Z"
-122.094143,36.975285,"87.3","2011-12-08T19:55:32Z"
-122.094161,36.975159,"85.3","2011-12-08T19:55:35Z"
-122.093983,36.974831,"83.8","2011-12-08T19:55:38Z"
-122.09379,36.974582,"78.8","2011-12-08T19:55:41Z"
-122.093633,36.974354,"79.3","2011-12-08T19:55:44Z"
-122.093445,36.974134,"75.6","2011-12-08T19:55:47Z"
-122.093171,36.973911,"74.1","2011-12-08T19:55:50Z"
-122.092934,36.973716,"71.4","2011-12-08T19:55:53Z"
-122.092767,36.973518,"69.1","2011-12-08T19:55:56Z"
-122.092617,36.973326,"68.4","2011-12-08T19:55:59Z"
-122.092503,36.973108,"68.4","2011-12-08T19:56:02Z"
-122.092391,36.972902,"63.9","2011-12-08T19:56:05Z"
-122.092288,36.97269,"63.5","2011-12-08T19:56:08Z"
-122.092174,36.972447,"66.4","2011-12-08T19:56:11Z"
-122.092107,36.972288,"67.3","2011-12-08T19:56:14Z"
-122.092018,36.972115,"67.5","2011-12-08T19:56:17Z"
-122.092074,36.972013,"70.7","2011-12-08T19:56:20Z"
-122.092321,36.971985,"70.7","2011-12-08T19:56:23Z"
-122.09253,36.971962,"69.7","2011-12-08T19:56:26Z"
-122.092653,36.971898,"67.6","2011-12-08T19:56:29Z"
-122.092768,36.972044,"69.5","2011-12-08T19:56:32Z"
-122.092901,36.97205,"68.9","2011-12-08T19:56:35Z"
-122.093099,36.972066,"68.5","2011-12-08T19:56:38Z"
-122.09328,36.972167,"68.7","2011-12-08T19:56:41Z"
-122.09341,36.972173,"68.5","2011-12-08T19:56:44Z"
-122.093548,36.972116,"67.1","2011-12-08T19:56:47Z"
-122.093722,36.972127,"67.7","2011-12-08T19:56:50Z"
-122.093842,36.972122,"68.0","2011-12-08T19:56:53Z"
-122.093982,36.972168,"70.9","2011-12-08T19:56:56Z"
-122.094132,36.972193,"72.1","2011-12-08T19:56:59Z"
-122.094287,36.972189,"72.7","2011-12-08T19:57:02Z"
-122.094445,36.972186,"72.9","2011-12-08T19:57:05Z"
-122.094597,36.97217,"73.3","2011-12-08T19:57:08Z"
-122.094747,36.972155,"73.9","2011-12-08T19:57:11Z"
-122.094883,36.972157,"74.1","2011-12-08T19:57:14Z"
-122.095036,36.972176,"74.7","2011-12-08T19:57:17Z"
-122.095244,36.972196,"75.2","2011-12-08T19:57:20Z"
-122.095438,36.97218,"75.5","2011-12-08T19:57:23Z"
-122.095657,36.972132,"75.7","2011-12-08T19:57:26Z"
-122.095871,36.972052,"74.5","2011-12-08T19:57:29Z"
-122.096064,36.972085,"71.6","2011-12-08T19:57:32Z"
-122.096172,36.972247,"69.6","2011-12-08T19:57:35Z"
-122.096251,36.972415,"67.8","2011-12-08T19:57:38Z"
-122.09624,36.972581,"67.9","2011-12-08T19:57:41Z"
-122.096337,36.972724,"67.6","2011-12-08T19:57:44Z"
-122.096442,36.972863,"68.3","2011-12-08T19:57:47Z"
-122.096585,36.972945,"69.4","2011-12-08T19:57:50Z"
-122.09676,36.972957,"68.9","2011-12-08T19:57:53Z"
-122.09694,36.972955,"68.4","2011-12-08T19:57:56Z"
-122.097005,36.973051,"67.9","2011-12-08T19:57:59Z"
-122.097028,36.973154,"67.5","2011-12-08T19:58:02Z"
-122.097131,36.973229,"68.1","2011-12-08T19:58:05Z"
-122.097207,36.97329,"69.5","2011-12-08T19:58:08Z"
-122.097296,36.973325,"69.8","2011-12-08T19:58:11Z"
-122.097392,36.973352,"72.6","2011-12-08T19:58:14Z"
-122.097486,36.973393,"72.2","2011-12-08T19:58:17Z"
-122.097596,36.973452,"73.2","2011-12-08T19:58:20Z"
-122.097718,36.973536,"74.7","2011-12-08T19:58:23Z"
-122.097886,36.973655,"75.0","2011-12-08T19:58:26Z"
-122.098048,36.973734,"76.2","2011-12-08T19:58:29Z"
-122.098174,36.973801,"76.6","2011-12-08T19:58:32Z"
-122.098258,36.973917,"78.0","2011-12-08T19:58:35Z"
-122.098261,36.974008,"79.8","2011-12-08T19:58:38Z"
-122.098432,36.974028,"79.0","2011-12-08T19:58:41Z"
-122.09854,36.974031,"78.6","2011-12-08T19:58:44Z"
-122.098656,36.974036,"78.4","2011-12-08T19:58:47Z"
-122.09877,36.974078,"80.4","2011-12-08T19:58:50Z"
-122.098867,36.974132,"80.6","2011-12-08T19:58:53Z"
-122.09891,36.974177,"80.5","2011-12-08T19:58:56Z"
-122.098923,36.974214,"80.5","2011-12-08T19:58:59Z"
-122.098927,36.974265,"80.1","2011-12-08T19:59:02Z"
-122.098935,36.974337,"80.1","2011-12-08T19:59:05Z"
-122.098947,36.974418,"79.9","2011-12-08T19:59:08Z"
-122.098947,36.974507,"79.9","2011-12-08T19:59:11Z"
-122.098955,36.974607,"80.0","2011-12-08T19:59:14Z"
-122.098974,36.974722,"79.9","2011-12-08T19:59:17Z"
-122.098976,36.974864,"74.7","2011-12-08T19:59:20Z"
-122.098963,36.974992,"72.4","2011-12-08T19:59:23Z"
-122.09896,36.975044,"71.7","2011-12-08T19:59:26Z"
-122.098992,36.975032,"73.4","2011-12-08T19:59:29Z"
-122.099047,36.974995,"71.4","2011-12-08T19:59:32Z"
-122.099119,36.974958,"71.2","2011-12-08T19:59:35Z"
-122.099187,36.974941,"71.7","2011-12-08T19:59:38Z"
-122.09921,36.974912,"71.7","2011-12-08T19:59:41Z"
-122.099229,36.974876,"68.5","2011-12-08T19:59:44Z"
-122.099278,36.974839,"72.1","2011-12-08T19:59:47Z"
-122.09932,36.974807,"68.6","2011-12-08T19:59:50Z"
-122.099379,36.974775,"74.6","2011-12-08T19:59:53Z"
-122.099382,36.974825,"77.5","2011-12-08T19:59:56Z"
-122.099355,36.974906,"77.5","2011-12-08T19:59:59Z"
-122.099334,36.974995,"74.3","2011-12-08T20:00:02Z"
-122.099341,36.975082,"75.8","2011-12-08T20:00:05Z"
-122.099383,36.975162,"78.7","2011-12-08T20:00:08Z"
-122.099433,36.975248,"78.6","2011-12-08T20:00:11Z"
-122.099493,36.975328,"78.9","2011-12-08T20:00:14Z"
-122.099579,36.975413,"81.5","2011-12-08T20:00:17Z"
-122.099657,36.975482,"84.6","2011-12-08T20:00:20Z"
-122.099715,36.975548,"84.6","2011-12-08T20:00:23Z"
-122.099766,36.975613,"85.6","2011-12-08T20:00:26Z"
-122.0998,36.975681,"88.1","2011-12-08T20:00:29Z"
-122.099826,36.975749,"91.0","2011-12-08T20:00:32Z"
-122.099871,36.975812,"91.0","2011-12-08T20:00:35Z"
-122.099935,36.975867,"92.0","2011-12-08T20:00:38Z"
-122.099997,36.975915,"92.0","2011-12-08T20:00:41Z"
-122.100039,36.975953,"95.6","2011-12-08T20:00:44Z"
-122.100072,36.975992,"95.6","2011-12-08T20:00:47Z"
-122.100119,36.97602,"97.6","2011-12-08T20:00:50Z"
-122.100173,36.976048,"97.6","2011-12-08T20:00:53Z"
-122.100235,36.976082,"97.5","2011-12-08T20:00:56Z"
-122.100282,36.97611,"98.6","2011-12-08T20:00:59Z"
-122.100322,36.976149,"99.9","2011-12-08T20:01:02Z"
-122.100354,36.97619,"99.9","2011-12-08T20:01:05Z"
-122.100394,36.97623,"103.4","2011-12-08T20:01:08Z"
-122.100438,36.976262,"103.4","2011-12-08T20:01:11Z"
-122.100478,36.976286,"105.0","2011-12-08T20:01:14Z"
-122.100519,36.976301,"106.1","2011-12-08T20:01:17Z"
-122.100577,36.976307,"108.4","2011-12-08T20:01:20Z"
-122.100635,36.976302,"108.4","2011-12-08T20:01:23Z"
-122.10068,36.97628,"108.3","2011-12-08T20:01:26Z"
-122.100711,36.976254,"108.3","2011-12-08T20:01:31Z"
-122.100784,36.976246,"109.6","2011-12-08T20:01:34Z"
-122.100863,36.976235,"110.2","2011-12-08T20:01:37Z"
-122.100923,36.976212,"110.2","2011-12-08T20:01:40Z"
-122.10097,36.97618,"109.4","2011-12-08T20:01:43Z"
-122.101015,36.976148,"109.4","2011-12-08T20:01:46Z"
-122.101073,36.976125,"111.0","2011-12-08T20:01:49Z"
-122.101153,36.976102,"111.3","2011-12-08T20:01:52Z"
-122.101241,36.976086,"112.7","2011-12-08T20:01:55Z"
-122.101321,36.976101,"114.1","2011-12-08T20:01:58Z"
-122.10141,36.976121,"117.5","2011-12-08T20:02:01Z"
-122.101472,36.976156,"117.5","2011-12-08T20:02:04Z"
-122.10151,36.976211,"119.1","2011-12-08T20:02:07Z"
-122.101552,36.976288,"119.1","2011-12-08T20:02:10Z"
-122.101564,36.976362,"121.2","2011-12-08T20:02:13Z"
-122.101578,36.976427,"118.3","2011-12-08T20:02:16Z"
-122.101589,36.976488,"119.1","2011-12-08T20:02:19Z"
-122.101586,36.976548,"119.1","2011-12-08T20:02:22Z"
-122.10157,36.9766,"123.3","2011-12-08T20:02:25Z"
-122.101543,36.976647,"123.3","2011-12-08T20:02:28Z"
-122.101506,36.976699,"123.7","2011-12-08T20:02:31Z"
-122.101471,36.976762,"125.2","2011-12-08T20:02:34Z"
-122.101444,36.976832,"125.2","2011-12-08T20:02:37Z"
-122.101414,36.97691,"125.2","2011-12-08T20:02:40Z"
-122.101378,36.976988,"126.0","2011-12-08T20:02:43Z"
-122.101334,36.977058,"126.8","2011-12-08T20:02:46Z"
-122.101301,36.977128,"126.8","2011-12-08T20:02:49Z"
-122.101277,36.977208,"128.3","2011-12-08T20:02:52Z"
-122.101243,36.977285,"129.2","2011-12-08T20:02:55Z"
-122.101216,36.977359,"129.7","2011-12-08T20:02:58Z"
-122.101192,36.977445,"130.6","2011-12-08T20:03:01Z"
-122.101181,36.977532,"130.9","2011-12-08T20:03:04Z"
-122.101165,36.977611,"131.3","2011-12-08T20:03:07Z"
-122.101157,36.977697,"131.9","2011-12-08T20:03:10Z"
-122.101165,36.977791,"132.7","2011-12-08T20:03:13Z"
-122.10117,36.977886,"133.8","2011-12-08T20:03:16Z"
-122.101184,36.977972,"134.8","2011-12-08T20:03:19Z"
-122.1012,36.978045,"134.8","2011-12-08T20:03:22Z"
-122.101212,36.978113,"135.7","2011-12-08T20:03:25Z"
-122.101228,36.978182,"136.3","2011-12-08T20:03:28Z"
-122.101212,36.978243,"136.2","2011-12-08T20:03:31Z"
-122.101165,36.978291,"136.9","2011-12-08T20:03:34Z"
-122.101091,36.978345,"137.8","2011-12-08T20:03:37Z"
-122.101008,36.978402,"139.0","2011-12-08T20:03:40Z"
-122.100933,36.97846,"139.2","2011-12-08T20:03:43Z"
-122.100853,36.978493,"141.1","2011-12-08T20:03:46Z"
-122.100773,36.978505,"141.7","2011-12-08T20:03:49Z"
-122.100684,36.978516,"142.5","2011-12-08T20:03:52Z"
-122.100596,36.978523,"147.2","2011-12-08T20:03:55Z"
-122.100516,36.978537,"147.9","2011-12-08T20:03:58Z"
-122.100432,36.978551,"148.2","2011-12-08T20:04:01Z"
-122.100344,36.978564,"148.4","2011-12-08T20:04:04Z"
-122.100263,36.97858,"148.6","2011-12-08T20:04:07Z"
-122.100182,36.978599,"148.8","2011-12-08T20:04:10Z"
-122.100101,36.978622,"149.1","2011-12-08T20:04:13Z"
-122.100027,36.978653,"149.4","2011-12-08T20:04:16Z"
-122.099957,36.978677,"149.5","2011-12-08T20:04:19Z"
-122.099888,36.978686,"149.7","2011-12-08T20:04:22Z"
-122.099821,36.978686,"149.7","2011-12-08T20:04:25Z"
-122.099758,36.978676,"150.8","2011-12-08T20:04:28Z"
-122.099664,36.978669,"152.3","2011-12-08T20:04:31Z"
-122.099561,36.978652,"154.1","2011-12-08T20:04:34Z"
-122.09947,36.978635,"155.7","2011-12-08T20:04:37Z"
-122.099391,36.978618,"156.9","2011-12-08T20:04:40Z"
-122.099315,36.978615,"157.7","2011-12-08T20:04:43Z"
-122.099227,36.978617,"158.1","2011-12-08T20:04:46Z"
-122.099136,36.978623,"158.0","2011-12-08T20:04:49Z"
-122.099017,36.978636,"157.5","2011-12-08T20:04:52Z"
-122.098922,36.978677,"156.4","2011-12-08T20:04:55Z"
-122.098901,36.978745,"157.0","2011-12-08T20:04:58Z"
-122.098891,36.978822,"157.7","2011-12-08T20:05:01Z"
-122.098883,36.978917,"156.6","2011-12-08T20:05:04Z"
-122.098891,36.979022,"158.9","2011-12-08T20:05:07Z"
-122.098919,36.979132,"159.2","2011-12-08T20:05:10Z"
-122.098946,36.979239,"159.2","2011-12-08T20:05:13Z"
-122.098963,36.979348,"159.2","2011-12-08T20:05:16Z"
-122.098963,36.97945,"159.4","2011-12-08T20:05:19Z"
-122.098938,36.979555,"160.1","2011-12-08T20:05:22Z"
-122.098875,36.979664,"162.6","2011-12-08T20:05:25Z"
-122.098736,36.979805,"163.8","2011-12-08T20:05:28Z"
-122.098633,36.979932,"163.1","2011-12-08T20:05:31Z"
-122.098488,36.980026,"164.3","2011-12-08T20:05:34Z"
-122.098343,36.98012,"162.4","2011-12-08T20:05:37Z"
-122.098188,36.980211,"162.3","2011-12-08T20:05:40Z"
-122.09802,36.980259,"165.8","2011-12-08T20:05:43Z"
-122.097836,36.980321,"165.7","2011-12-08T20:05:46Z"
-122.097636,36.980404,"166.6","2011-12-08T20:05:49Z"
-122.097459,36.980486,"167.6","2011-12-08T20:05:52Z"
-122.097347,36.980615,"166.4","2011-12-08T20:05:55Z"
-122.097345,36.980785,"166.5","2011-12-08T20:05:58Z"
-122.097348,36.980951,"166.9","2011-12-08T20:06:01Z"
-122.097345,36.981106,"166.7","2011-12-08T20:06:04Z"
-122.09724,36.98123,"167.7","2011-12-08T20:06:07Z"
-122.097076,36.981321,"168.7","2011-12-08T20:06:10Z"
-122.096907,36.981379,"168.6","2011-12-08T20:06:13Z"
-122.096928,36.981517,"168.7","2011-12-08T20:06:16Z"
-122.09697,36.98163,"167.6","2011-12-08T20:06:19Z"
-122.097096,36.981738,"166.7","2011-12-08T20:06:22Z"
-122.097141,36.981728,"167.8","2011-12-08T20:06:25Z"
-122.097372,36.981934,"166.7","2011-12-08T20:06:28Z"
-122.097518,36.982021,"168.5","2011-12-08T20:06:31Z"
-122.097627,36.982147,"169.9","2011-12-08T20:06:34Z"
-122.097727,36.98224,"171.5","2011-12-08T20:06:37Z"
-122.0978,36.982312,"172.7","2011-12-08T20:06:40Z"
-122.097868,36.982384,"172.5","2011-12-08T20:06:43Z"
-122.097921,36.982448,"173.1","2011-12-08T20:06:46Z"
-122.097981,36.982509,"173.2","2011-12-08T20:06:49Z"
-122.098023,36.982565,"173.2","2011-12-08T20:06:52Z"
-122.098062,36.98262,"173.7","2011-12-08T20:06:55Z"
-122.098121,36.982699,"172.2","2011-12-08T20:06:58Z"
-122.098195,36.982795,"173.3","2011-12-08T20:07:01Z"
-122.098286,36.982898,"174.5","2011-12-08T20:07:04Z"
-122.09837,36.982989,"175.8","2011-12-08T20:07:07Z"
-122.098435,36.983062,"177.4","2011-12-08T20:07:10Z"
-122.098488,36.983134,"177.4","2011-12-08T20:07:13Z"
-122.098568,36.983227,"178.4","2011-12-08T20:07:16Z"
-122.098654,36.983325,"179.4","2011-12-08T20:07:19Z"
-122.098731,36.983423,"179.9","2011-12-08T20:07:22Z"
-122.098793,36.98352,"178.1","2011-12-08T20:07:25Z"
-122.09885,36.983622,"178.0","2011-12-08T20:07:28Z"
-122.098914,36.983734,"178.2","2011-12-08T20:07:31Z"
-122.098986,36.983853,"178.6","2011-12-08T20:07:34Z"
-122.099064,36.98401,"176.7","2011-12-08T20:07:37Z"
-122.099129,36.984151,"178.0","2011-12-08T20:07:40Z"
-122.099156,36.984293,"176.1","2011-12-08T20:07:43Z"
-122.099163,36.98444,"174.9","2011-12-08T20:07:46Z"
-122.09917,36.984599,"176.7","2011-12-08T20:07:49Z"
-122.099181,36.98473,"174.9","2011-12-08T20:07:52Z"
-122.099215,36.984881,"174.4","2011-12-08T20:07:55Z"
-122.099226,36.985038,"175.4","2011-12-08T20:07:58Z"
-122.099245,36.98518,"175.7","2011-12-08T20:08:01Z"
-122.099286,36.985347,"177.3","2011-12-08T20:08:04Z"
-122.099301,36.985501,"179.6","2011-12-08T20:08:07Z"
-122.099327,36.985646,"182.3","2011-12-08T20:08:10Z"
-122.099313,36.985784,"184.8","2011-12-08T20:08:13Z"
-122.099315,36.985944,"186.8","2011-12-08T20:08:16Z"
-122.099311,36.986089,"187.5","2011-12-08T20:08:19Z"
-122.099326,36.986222,"188.5","2011-12-08T20:08:22Z"
-122.09934,36.986383,"189.1","2011-12-08T20:08:25Z"
-122.09935,36.986538,"190.0","2011-12-08T20:08:28Z"
-122.099348,36.986677,"190.6","2011-12-08T20:08:31Z"
-122.099358,36.986811,"191.6","2011-12-08T20:08:34Z"
-122.099369,36.986942,"192.2","2011-12-08T20:08:37Z"
-122.099377,36.987086,"191.3","2011-12-08T20:08:40Z"
-122.099366,36.987208,"190.7","2011-12-08T20:08:43Z"
-122.099348,36.987378,"190.6","2011-12-08T20:08:46Z"
-122.099293,36.987573,"190.2","2011-12-08T20:08:49Z"
-122.09917,36.987738,"191.2","2011-12-08T20:08:52Z"
-122.099019,36.987794,"191.8","2011-12-08T20:08:55Z"
-122.098856,36.987794,"191.1","2011-12-08T20:08:58Z"
-122.098686,36.987813,"190.4","2011-12-08T20:09:01Z"
-122.098589,36.987724,"190.7","2011-12-08T20:09:04Z"
-122.098454,36.987623,"190.5","2011-12-08T20:09:07Z"
-122.098331,36.987509,"189.2","2011-12-08T20:09:10Z"
-122.098224,36.987429,"187.8","2011-12-08T20:09:13Z"
-122.098177,36.987292,"187.3","2011-12-08T20:09:16Z"
-122.098101,36.987146,"186.1","2011-12-08T20:09:19Z"
-122.098011,36.987034,"185.4","2011-12-08T20:09:22Z"
-122.09793,36.987058,"184.7","2011-12-08T20:09:25Z"
-122.097841,36.987133,"183.6","2011-12-08T20:09:28Z"
-122.097755,36.98724,"182.8","2011-12-08T20:09:31Z"
-122.097712,36.987445,"184.2","2011-12-08T20:09:34Z"
-122.097654,36.987573,"184.5","2011-12-08T20:09:37Z"
-122.097545,36.987593,"184.3","2011-12-08T20:09:40Z"
-122.097377,36.987661,"183.1","2011-12-08T20:09:43Z"
-122.097258,36.987791,"180.0","2011-12-08T20:09:46Z"
-122.097156,36.987763,"180.1","2011-12-08T20:09:49Z"
-122.096994,36.987755,"178.8","2011-12-08T20:09:52Z"
-122.096783,36.987686,"178.2","2011-12-08T20:09:55Z"
-122.096589,36.98763,"177.8","2011-12-08T20:09:58Z"
-122.096428,36.987511,"175.9","2011-12-08T20:10:01Z"
-122.096272,36.987363,"173.7","2011-12-08T20:10:04Z"
-122.0961,36.987272,"172.7","2011-12-08T20:10:07Z"
-122.095866,36.987229,"171.7","2011-12-08T20:10:10Z"
-122.095647,36.987171,"169.9","2011-12-08T20:10:13Z"
-122.095443,36.987086,"168.2","2011-12-08T20:10:16Z"
-122.095272,36.986979,"166.6","2011-12-08T20:10:19Z"
-122.095057,36.986933,"166.1","2011-12-08T20:10:22Z"
-122.094948,36.986828,"166.1","2011-12-08T20:10:25Z"
-122.094815,36.986672,"164.7","2011-12-08T20:10:28Z"
-122.094596,36.986495,"160.5","2011-12-08T20:10:31Z"
-122.094613,36.986249,"158.4","2011-12-08T20:10:34Z"
-122.094546,36.986113,"158.8","2011-12-08T20:10:37Z"
-122.094478,36.985989,"160.0","2011-12-08T20:10:40Z"
-122.094477,36.985853,"160.6","2011-12-08T20:10:43Z"
-122.094469,36.985688,"161.3","2011-12-08T20:10:46Z"
-122.094469,36.985511,"163.5","2011-12-08T20:10:49Z"
-122.094448,36.98535,"163.8","2011-12-08T20:10:52Z"
-122.094302,36.985337,"162.8","2011-12-08T20:10:55Z"
-122.094128,36.985223,"162.0","2011-12-08T20:10:58Z"
-122.093969,36.985116,"161.2","2011-12-08T20:11:01Z"
-122.093798,36.984984,"161.4","2011-12-08T20:11:04Z"
-122.093649,36.984843,"160.7","2011-12-08T20:11:07Z"
-122.093529,36.984742,"160.5","2011-12-08T20:11:10Z"
-122.093429,36.984687,"160.2","2011-12-08T20:11:13Z"
-122.093366,36.984621,"160.0","2011-12-08T20:11:16Z"
-122.093242,36.984569,"159.5","2011-12-08T20:11:19Z"
-122.093137,36.984513,"158.8","2011-12-08T20:11:22Z"
-122.093024,36.984453,"158.4","2011-12-08T20:11:25Z"
-122.092834,36.984399,"157.9","2011-12-08T20:11:28Z"
-122.092601,36.984321,"157.5","2011-12-08T20:11:31Z"
-122.092353,36.984235,"156.7","2011-12-08T20:11:34Z"
-122.092017,36.984197,"154.9","2011-12-08T20:11:37Z"
-122.091686,36.984153,"153.4","2011-12-08T20:11:40Z"
-122.09142,36.984082,"153.8","2011-12-08T20:11:43Z"
-122.091289,36.983946,"153.6","2011-12-08T20:11:46Z"
-122.091196,36.983783,"153.4","2011-12-08T20:11:49Z"
-122.091083,36.983612,"153.5","2011-12-08T20:11:52Z"
-122.091016,36.983442,"153.4","2011-12-08T20:11:55Z"
-122.090918,36.983256,"153.2","2011-12-08T20:11:58Z"
-122.090896,36.983076,"152.2","2011-12-08T20:12:01Z"
-122.090975,36.98284,"150.1","2011-12-08T20:12:04Z"
-122.090962,36.982622,"149.4","2011-12-08T20:12:07Z"
-122.09101,36.982455,"148.8","2011-12-08T20:12:10Z"
-122.091109,36.982261,"147.0","2011-12-08T20:12:13Z"
-122.091207,36.982049,"143.7","2011-12-08T20:12:16Z"
-122.091225,36.981826,"142.5","2011-12-08T20:12:19Z"
-122.091188,36.981578,"143.0","2011-12-08T20:12:22Z"
-122.091184,36.981327,"141.2","2011-12-08T20:12:25Z"
-122.091139,36.98106,"138.6","2011-12-08T20:12:28Z"
-122.091019,36.980851,"137.8","2011-12-08T20:12:31Z"
-122.090852,36.980649,"137.2","2011-12-08T20:12:34Z"
-122.090701,36.980413,"134.3","2011-12-08T20:12:37Z"
-122.090529,36.980233,"131.3","2011-12-08T20:12:40Z"
-122.090336,36.980096,"129.9","2011-12-08T20:12:43Z"
-122.090162,36.980018,"127.7","2011-12-08T20:12:46Z"
-122.089956,36.979907,"120.5","2011-12-08T20:12:49Z"
-122.089731,36.979777,"121.6","2011-12-08T20:12:52Z"
-122.08952,36.979681,"122.5","2011-12-08T20:12:55Z"
-122.089365,36.979632,"122.6","2011-12-08T20:12:58Z"
-122.089238,36.979645,"123.4","2011-12-08T20:13:01Z"
-122.089094,36.979636,"123.7","2011-12-08T20:13:04Z"
-122.088859,36.97971,"124.5","2011-12-08T20:13:07Z"
-122.088802,36.979661,"124.5","2011-12-08T20:13:10Z"
-122.088707,36.979617,"126.9","2011-12-08T20:13:13Z"
-122.088639,36.979581,"127.4","2011-12-08T20:13:16Z"
-122.088558,36.97955,"128.1","2011-12-08T20:13:19Z"
-122.088469,36.979527,"130.5","2011-12-08T20:13:22Z"
-122.08837,36.979507,"131.1","2011-12-08T20:13:25Z"
-122.08824,36.979495,"132.3","2011-12-08T20:13:28Z"
-122.088121,36.979501,"132.7","2011-12-08T20:13:31Z"
-122.08799,36.97951,"133.0","2011-12-08T20:13:34Z"
-122.087839,36.97952,"132.6","2011-12-08T20:13:37Z"
-122.087529,36.979514,"129.5","2011-12-08T20:13:40Z"
-122.087352,36.979425,"128.3","2011-12-08T20:13:43Z"
-122.08718,36.979268,"126.7","2011-12-08T20:13:46Z"
-122.087005,36.979171,"124.0","2011-12-08T20:13:49Z"
-122.086775,36.97906,"123.6","2011-12-08T20:13:52Z"
-122.086644,36.979033,"114.6","2011-12-08T20:13:55Z"
-122.086563,36.978827,"115.4","2011-12-08T20:13:58Z"
-122.086519,36.978664,"117.8","2011-12-08T20:14:01Z"
-122.086408,36.978318,"113.3","2011-12-08T20:14:04Z"
-122.086341,36.978086,"110.1","2011-12-08T20:14:07Z"
-122.086306,36.977867,"108.4","2011-12-08T20:14:10Z"
-122.086348,36.977691,"107.2","2011-12-08T20:14:13Z"
-122.086412,36.977533,"105.5","2011-12-08T20:14:16Z"
-122.086417,36.977309,"100.5","2011-12-08T20:14:19Z"
-122.086201,36.977051,"93.4","2011-12-08T20:14:22Z"
-122.086003,36.976822,"85.0","2011-12-08T20:14:25Z"
-122.085919,36.97663,"78.5","2011-12-08T20:14:28Z"
-122.085964,36.976466,"80.0","2011-12-08T20:14:31Z"
-122.086072,36.976289,"79.3","2011-12-08T20:14:34Z"
-122.086081,36.976093,"78.1","2011-12-08T20:14:37Z"
-122.085991,36.975887,"74.9","2011-12-08T20:14:40Z"
-122.085905,36.975674,"73.3","2011-12-08T20:14:43Z"
-122.085841,36.975487,"75.2","2011-12-08T20:14:46Z"
-122.085739,36.975282,"70.5","2011-12-08T20:14:49Z"
-122.085678,36.97506,"75.8","2011-12-08T20:14:52Z"
-122.085534,36.974872,"70.2","2011-12-08T20:14:55Z"
-122.085419,36.974675,"68.9","2011-12-08T20:14:58Z"
-122.085316,36.974469,"68.5","2011-12-08T20:15:01Z"
-122.085179,36.974201,"69.5","2011-12-08T20:15:04Z"
-122.084997,36.974056,"68.9","2011-12-08T20:15:07Z"
-122.084847,36.97386,"68.2","2011-12-08T20:15:10Z"
-122.084914,36.973681,"69.5","2011-12-08T20:15:13Z"
-122.084979,36.9735,"66.5","2011-12-08T20:15:16Z"
-122.085038,36.97331,"66.4","2011-12-08T20:15:19Z"
-122.085061,36.973118,"63.5","2011-12-08T20:15:22Z"
-122.085125,36.972899,"63.2","2011-12-08T20:15:25Z"
-122.085242,36.972675,"62.1","2011-12-08T20:15:28Z"
-122.085349,36.972498,"63.2","2011-12-08T20:15:31Z"
-122.085423,36.972303,"64.3","2011-12-08T20:15:34Z"
-122.085508,36.972094,"65.9","2011-12-08T20:15:37Z"
-122.085671,36.97192,"68.6","2011-12-08T20:15:40Z"
-122.085962,36.971713,"69.3","2011-12-08T20:15:43Z"
-122.086256,36.971616,"69.8","2011-12-08T20:15:46Z"
-122.086521,36.971523,"69.0","2011-12-08T20:15:49Z"
-122.086688,36.971377,"67.2","2011-12-08T20:15:52Z"
-122.086698,36.971239,"66.2","2011-12-08T20:15:55Z"
-122.086741,36.971126,"64.6","2011-12-08T20:15:58Z"
-122.086675,36.97086,"64.4","2011-12-08T20:16:01Z"
-122.086521,36.970684,"63.3","2011-12-08T20:16:04Z"
-122.086356,36.970503,"64.3","2011-12-08T20:16:07Z"
-122.086236,36.970417,"65.2","2011-12-08T20:16:10Z"
-122.086185,36.970263,"68.5","2011-12-08T20:16:13Z"
-122.086112,36.970042,"70.6","2011-12-08T20:16:16Z"
-122.086116,36.969889,"70.7","2011-12-08T20:16:19Z"
-122.086268,36.969769,"69.4","2011-12-08T20:16:22Z"
-122.086417,36.9695,"67.4","2011-12-08T20:16:25Z"
-122.086509,36.969209,"67.4","2011-12-08T20:16:28Z"
-122.086558,36.968998,"69.6","2011-12-08T20:16:31Z"
-122.086611,36.968782,"69.2","2011-12-08T20:16:34Z"
-122.086646,36.96857,"69.9","2011-12-08T20:16:37Z"
-122.086662,36.96839,"70.0","2011-12-08T20:16:40Z"
-122.086717,36.968201,"71.1","2011-12-08T20:16:43Z"
-122.08675,36.967995,"71.6","2011-12-08T20:16:46Z"
-122.08681,36.967788,"71.9","2011-12-08T20:16:49Z"
-122.086899,36.967589,"71.2","2011-12-08T20:16:52Z"
-122.08697,36.967403,"70.9","2011-12-08T20:16:55Z"
-122.087008,36.967213,"69.6","2011-12-08T20:16:58Z"
-122.087059,36.967009,"68.4","2011-12-08T20:17:01Z"
-122.087115,36.966796,"67.9","2011-12-08T20:17:04Z"
-122.087181,36.966585,"69.1","2011-12-08T20:17:07Z"
-122.087278,36.966375,"68.3","2011-12-08T20:17:10Z"
-122.087341,36.966149,"66.8","2011-12-08T20:17:13Z"
-122.087383,36.96594,"66.6","2011-12-08T20:17:16Z"
-122.087383,36.965731,"65.1","2011-12-08T20:17:19Z"
-122.087381,36.965528,"64.4","2011-12-08T20:17:22Z"
-122.087374,36.965323,"63.7","2011-12-08T20:17:25Z"
-122.087367,36.965119,"62.6","2011-12-08T20:17:28Z"
-122.08736,36.964883,"60.7","2011-12-08T20:17:31Z"
-122.087358,36.964654,"55.8","2011-12-08T20:17:34Z"
-122.087323,36.964446,"52.4","2011-12-08T20:17:37Z"
-122.08721,36.964264,"50.3","2011-12-08T20:17:40Z"
-122.087017,36.964084,"48.1","2011-12-08T20:17:43Z"
-122.08679,36.963877,"43.5","2011-12-08T20:17:46Z"
-122.086564,36.963689,"41.7","2011-12-08T20:17:49Z"
-122.086333,36.963548,"40.8","2011-12-08T20:17:52Z"
-122.08605,36.96352,"41.6","2011-12-08T20:17:55Z"
-122.085733,36.963585,"39.6","2011-12-08T20:17:58Z"
-122.08542,36.963686,"36.1","2011-12-08T20:18:01Z"
-122.085154,36.963909,"29.7","2011-12-08T20:18:04Z"
-122.084962,36.964117,"23.8","2011-12-08T20:18:07Z"
-122.084779,36.964351,"19.0","2011-12-08T20:18:10Z"
-122.084587,36.964579,"20.2","2011-12-08T20:18:13Z"
-122.084446,36.964813,"20.8","2011-12-08T20:18:16Z"
-122.084365,36.965036,"18.5","2011-12-08T20:18:19Z"
-122.084286,36.965134,"17.9","2011-12-08T20:18:22Z"
-122.084204,36.965103,"17.3","2011-12-08T20:18:25Z"
-122.084218,36.964981,"17.2","2011-12-08T20:18:28Z"
-122.084246,36.964789,"17.1","2011-12-08T20:18:31Z"
-122.084303,36.964537,"17.3","2011-12-08T20:18:34Z"
-122.084427,36.964317,"17.1","2011-12-08T20:18:37Z"
-122.084534,36.964105,"17.1","2011-12-08T20:18:40Z"
-122.084647,36.963916,"17.7","2011-12-08T20:18:43Z"
-122.084736,36.963739,"18.0","2011-12-08T20:18:46Z"
-122.084754,36.96354,"18.5","2011-12-08T20:18:49Z"
-122.08474,36.963315,"18.5","2011-12-08T20:18:52Z"
-122.084718,36.963064,"16.7","2011-12-08T20:18:55Z"
-122.084701,36.962818,"13.3","2011-12-08T20:18:58Z"
-122.084687,36.962584,"12.9","2011-12-08T20:19:01Z"
-122.084606,36.962323,"12.8","2011-12-08T20:19:04Z"
-122.084527,36.962066,"14.6","2011-12-08T20:19:07Z"
-122.084487,36.961973,"15.7","2011-12-08T20:19:10Z"
-122.084354,36.961912,"13.9","2011-12-08T20:19:13Z"
-122.084122,36.961899,"10.5","2011-12-08T20:19:16Z"
-122.083917,36.961953,"11.6","2011-12-08T20:19:19Z"
-122.083639,36.961942,"10.9","2011-12-08T20:19:22Z"
-122.08346,36.961942,"11.2","2011-12-08T20:19:25Z"
-122.083325,36.961942,"11.3","2011-12-08T20:19:28Z"
-122.083155,36.96191,"11.3","2011-12-08T20:19:31Z"
-122.082924,36.961875,"11.5","2011-12-08T20:19:34Z"
-122.082683,36.961908,"12.1","2011-12-08T20:19:37Z"
-122.08239,36.961903,"13.0","2011-12-08T20:19:40Z"
-122.082126,36.961947,"21.0","2011-12-08T20:19:43Z"
-122.081952,36.961992,"22.9","2011-12-08T20:19:46Z"
-122.081754,36.96196,"26.3","2011-12-08T20:19:49Z"
-122.081592,36.96194,"25.5","2011-12-08T20:19:52Z"
-122.081443,36.96195,"27.4","2011-12-08T20:19:55Z"
-122.081295,36.961969,"28.2","2011-12-08T20:19:58Z"
-122.081137,36.961966,"28.6","2011-12-08T20:20:01Z"
-122.080991,36.961966,"29.2","2011-12-08T20:20:04Z"
-122.080812,36.961981,"29.6","2011-12-08T20:20:07Z"
-122.080629,36.962001,"29.9","2011-12-08T20:20:10Z"
-122.080474,36.961983,"29.9","2011-12-08T20:20:13Z"
-122.080298,36.961964,"29.8","2011-12-08T20:20:16Z"
-122.080107,36.961951,"29.3","2011-12-08T20:20:19Z"
-122.07987,36.961942,"28.0","2011-12-08T20:20:22Z"
-122.079653,36.961949,"28.1","2011-12-08T20:20:25Z"
-122.07942,36.96196,"27.2","2011-12-08T20:20:28Z"
-122.079161,36.961992,"25.9","2011-12-08T20:20:31Z"
-122.078891,36.962012,"25.2","2011-12-08T20:20:34Z"
-122.078637,36.962001,"25.0","2011-12-08T20:20:37Z"
-122.078356,36.961998,"25.5","2011-12-08T20:20:40Z"
-122.078121,36.961991,"26.1","2011-12-08T20:20:43Z"
-122.077879,36.961972,"27.4","2011-12-08T20:20:46Z"
-122.077628,36.961948,"28.2","2011-12-08T20:20:49Z"
-122.077371,36.961939,"28.4","2011-12-08T20:20:52Z"
-122.077106,36.961925,"28.5","2011-12-08T20:20:55Z"
-122.076837,36.961912,"28.6","2011-12-08T20:20:58Z"
-122.076566,36.9619,"28.6","2011-12-08T20:21:01Z"
-122.076299,36.961892,"28.7","2011-12-08T20:21:04Z"
-122.076041,36.961894,"28.8","2011-12-08T20:21:07Z"
-122.075779,36.961887,"28.8","2011-12-08T20:21:10Z"
-122.075498,36.961887,"28.8","2011-12-08T20:21:13Z"
-122.07522,36.961886,"28.8","2011-12-08T20:21:16Z"
-122.074964,36.961879,"28.6","2011-12-08T20:21:19Z"
-122.074693,36.961869,"28.4","2011-12-08T20:21:22Z"
-122.074432,36.961862,"28.5","2011-12-08T20:21:25Z"
-122.074181,36.96186,"28.1","2011-12-08T20:21:28Z"
-122.073914,36.961858,"28.7","2011-12-08T20:21:31Z"
-122.073677,36.9619,"29.3","2011-12-08T20:21:34Z"
-122.073444,36.96193,"29.4","2011-12-08T20:21:37Z"
-122.073191,36.961937,"29.9","2011-12-08T20:21:40Z"
-122.072949,36.961938,"30.1","2011-12-08T20:21:43Z"
-122.072747,36.96191,"30.4","2011-12-08T20:21:46Z"
-122.072508,36.961893,"30.6","2011-12-08T20:21:49Z"
-122.07226,36.961844,"30.5","2011-12-08T20:21:52Z"
-122.072002,36.9618,"30.7","2011-12-08T20:21:55Z"
-122.071752,36.961757,"29.7","2011-12-08T20:21:58Z"
-122.071433,36.961712,"27.8","2011-12-08T20:22:01Z"
-122.071086,36.961701,"26.4","2011-12-08T20:22:04Z"
-122.070735,36.961729,"28.1","2011-12-08T20:22:07Z"
-122.070428,36.961737,"29.6","2011-12-08T20:22:10Z"
-122.07021,36.961719,"29.8","2011-12-08T20:22:13Z"
-122.069988,36.96168,"29.8","2011-12-08T20:22:16Z"
-122.06975,36.961656,"29.4","2011-12-08T20:22:19Z"
-122.069492,36.961641,"29.6","2011-12-08T20:22:22Z"
-122.069205,36.961693,"30.4","2011-12-08T20:22:25Z"
-122.068931,36.961692,"30.0","2011-12-08T20:22:28Z"
-122.068653,36.96168,"27.6","2011-12-08T20:22:31Z"
-122.068415,36.96167,"25.3","2011-12-08T20:22:34Z"
-122.068166,36.961651,"27.8","2011-12-08T20:22:37Z"
-122.06796,36.961625,"30.4","2011-12-08T20:22:40Z"
-122.067778,36.961584,"31.5","2011-12-08T20:22:43Z"
-122.067518,36.961553,"34.1","2011-12-08T20:22:46Z"
-122.067299,36.961513,"35.3","2011-12-08T20:22:49Z"
-122.067043,36.961485,"35.8","2011-12-08T20:22:52Z"
-122.066772,36.961463,"34.7","2011-12-08T20:22:55Z"
-122.0665,36.96146,"35.1","2011-12-08T20:22:58Z"
-122.066213,36.961454,"35.2","2011-12-08T20:23:01Z"
-122.065958,36.961428,"35.4","2011-12-08T20:23:04Z"
-122.06567,36.961394,"35.4","2011-12-08T20:23:07Z"
-122.06537,36.961387,"34.6","2011-12-08T20:23:10Z"
-122.065103,36.961348,"34.4","2011-12-08T20:23:13Z"
-122.064862,36.961315,"34.3","2011-12-08T20:23:16Z"
-122.064619,36.961291,"33.5","2011-12-08T20:23:19Z"
-122.06437,36.961271,"33.7","2011-12-08T20:23:22Z"
-122.064116,36.961252,"34.9","2011-12-08T20:23:25Z"
-122.063828,36.961228,"35.7","2011-12-08T20:23:28Z"
-122.063556,36.961214,"35.3","2011-12-08T20:23:31Z"
-122.063307,36.961192,"33.0","2011-12-08T20:23:34Z"
-122.063078,36.961164,"32.5","2011-12-08T20:23:37Z"
-122.062884,36.96118,"32.1","2011-12-08T20:23:40Z"
-122.062688,36.961173,"32.0","2011-12-08T20:23:43Z"
-122.062497,36.961149,"31.9","2011-12-08T20:23:46Z"
-122.062373,36.960988,"30.4","2011-12-08T20:23:49Z"
-122.062166,36.960904,"27.7","2011-12-08T20:23:52Z"
-122.062136,36.960707,"26.0","2011-12-08T20:23:55Z"
-122.062101,36.960506,"24.4","2011-12-08T20:23:58Z"
-122.062045,36.960302,"24.2","2011-12-08T20:24:01Z"
-122.062006,36.960041,"22.5","2011-12-08T20:24:04Z"
-122.061998,36.959804,"20.6","2011-12-08T20:24:07Z"
-122.061973,36.959553,"19.2","2011-12-08T20:24:10Z"
-122.061957,36.959334,"19.9","2011-12-08T20:24:13Z"
-122.062063,36.959081,"21.8","2011-12-08T20:24:16Z"
-122.062163,36.958882,"22.5","2011-12-08T20:24:19Z"
-122.062268,36.958694,"22.2","2011-12-08T20:24:22Z"
-122.062366,36.958518,"22.1","2011-12-08T20:24:25Z"
-122.062472,36.958341,"22.0","2011-12-08T20:24:28Z"
-122.06256,36.958189,"21.7","2011-12-08T20:24:31Z"
-122.062585,36.958043,"21.4","2011-12-08T20:24:34Z"
-122.062539,36.957909,"21.2","2011-12-08T20:24:37Z"
-122.06251,36.957764,"21.0","2011-12-08T20:24:40Z"
-122.062489,36.957577,"20.7","2011-12-08T20:24:43Z"
-122.062507,36.957373,"20.4","2011-12-08T20:24:46Z"
-122.062515,36.957167,"19.9","2011-12-08T20:24:49Z"
-122.062513,36.956961,"19.6","2011-12-08T20:24:52Z"
-122.062516,36.956755,"19.0","2011-12-08T20:24:55Z"
-122.062529,36.956556,"18.6","2011-12-08T20:24:58Z"
-122.062522,36.956349,"18.2","2011-12-08T20:25:01Z"
-122.062525,36.956131,"17.9","2011-12-08T20:25:04Z"
-122.062536,36.95592,"17.4","2011-12-08T20:25:07Z"
-122.062539,36.955715,"17.0","2011-12-08T20:25:10Z"
-122.062536,36.955501,"16.7","2011-12-08T20:25:13Z"
-122.062526,36.955306,"16.2","2011-12-08T20:25:16Z"
-122.062518,36.95512,"16.1","2011-12-08T20:25:19Z"
-122.062514,36.954946,"15.8","2011-12-08T20:25:22Z"
-122.062511,36.954791,"15.7","2011-12-08T20:25:25Z"
-122.062592,36.954759,"15.7","2011-12-08T20:25:28Z"
-122.062779,36.954815,"16.2","2011-12-08T20:25:31Z"
-122.062964,36.954808,"16.1","2011-12-08T20:25:34Z"
-122.063157,36.954824,"16.4","2011-12-08T20:25:37Z"
-122.063354,36.954818,"16.4","2011-12-08T20:25:40Z"
-122.063529,36.954799,"16.4","2011-12-08T20:25:43Z"
-122.063711,36.954787,"16.4","2011-12-08T20:25:46Z"
-122.063903,36.954795,"16.6","2011-12-08T20:25:49Z"
-122.064001,36.954713,"16.5","2011-12-08T20:25:52Z"
-122.064093,36.954589,"16.3","2011-12-08T20:25:55Z"
-122.064076,36.954448,"16.3","2011-12-08T20:25:58Z"
-122.064083,36.954264,"16.1","2011-12-08T20:26:01Z"
-122.064083,36.954156,"16.0","2011-12-08T20:26:04Z"
-122.064121,36.954072,"16.0","2011-12-08T20:26:07Z"
-122.064074,36.953973,"15.9","2011-12-08T20:26:10Z"
-122.064039,36.953849,"15.8","2011-12-08T20:26:13Z"
-122.06404,36.953679,"15.8","2011-12-08T20:26:16Z"
-122.06404,36.953519,"15.8","2011-12-08T20:26:19Z"
-122.064034,36.953402,"16.0","2011-12-08T20:26:22Z"
-122.064062,36.953261,"16.1","2011-12-08T20:26:25Z"
-122.064019,36.953141,"16.2","2011-12-08T20:26:28Z"
-122.064059,36.952971,"16.2","2011-12-08T20:26:31Z"
-122.064045,36.952819,"16.1","2011-12-08T20:26:34Z"
-122.064042,36.952712,"16.1","2011-12-08T20:26:37Z"
-122.06404,36.95268,"16.0","2011-12-08T20:26:40Z"
-122.064071,36.952635,"16.0","2011-12-08T20:26:43Z"
-122.064076,36.952598,"16.0","2011-12-08T20:26:47Z"
-122.064089,36.952558,"15.9","2011-12-08T20:26:50Z"
-122.064112,36.952489,"15.8","2011-12-08T20:26:53Z"
-122.064138,36.952393,"15.8","2011-12-08T20:26:56Z"
-122.064231,36.952307,"15.8","2011-12-08T20:26:59Z"
-122.064419,36.952293,"15.7","2011-12-08T20:27:02Z"
-122.064615,36.952302,"15.5","2011-12-08T20:27:05Z"
-122.064795,36.952308,"15.3","2011-12-08T20:27:08Z"
-122.064962,36.95229,"15.0","2011-12-08T20:27:11Z"
-122.065066,36.95222,"14.7","2011-12-08T20:27:14Z"
-122.065089,36.952108,"14.7","2011-12-08T20:27:17Z"
-122.065055,36.951995,"14.7","2011-12-08T20:27:20Z"
-122.065022,36.951944,"14.7","2011-12-08T20:27:23Z"
